model,train_n_states,heldout_n_states,F_MAE_N,F_RMSE_N,F_R2,d_MAE_mm,d_RMSE_mm,d_R2,F_MAE_vs_plain_pct,d_MAE_vs_plain_pct,balanced_relative_error
magnetic_path_memory_random_forest,1461,312,0.6259020558886134,1.0162055438064568,0.9680908360544331,0.04466765606878076,0.05950256679311589,0.9911048471631025,59.40711355086218,21.962019447503124,1.186308670016347
magnetic_path_memory_ridge,1461,312,1.0134387885494436,1.345383670234975,0.9440700269776169,0.053062204264856166,0.07807665612911201,0.9846847382496168,34.27341342035722,7.296069932185032,1.5843051664745773
magnetic_path_label_ridge,1461,312,1.0273659526697476,1.4041818778385784,0.9390745096412575,0.04971237795158172,0.07395155111132816,0.9862603209261324,33.37016699965108,13.148485386602882,1.5348134761374603
magnetic_plain_random_forest,1461,312,1.0584623540742062,1.711630974528793,0.9094741565592084,0.0501739523266097,0.07548015353849481,0.9856864432789845,31.353409458575616,12.342077903602226,1.5630451263782215
magnetic_plain_ridge,1461,312,1.541900836918453,2.0034266704670642,0.8759778637530578,0.05723835464800683,0.08101672205883112,0.983509593981404,0.0,0.0,2.0
