model,estimator,model_family,train_n_states,heldout_n_states,F_MAE_N,F_RMSE_N,F_R2,d_MAE_mm,d_RMSE_mm,d_R2,passes_current_F_goal,passes_ideal_F_goal,passes_d_goal,balanced_score_ideal
huber,Huber,APMD local-ID dot+dual,1461,312,0.050834203969511015,0.13031270028414518,0.9994752822036638,0.04450857603081899,0.056766292343765956,0.9919041384517909,True,True,True,0.9918399285554017
ridge_cv,RidgeCV,APMD local-ID dot+dual,1461,312,0.07994161009315487,0.12058108401913813,0.9995507266339659,0.041663934610979336,0.05628793835179777,0.9920400067811023,True,True,True,0.9931619124058965
bayesian_ridge,BayesianRidge,APMD local-ID dot+dual,1461,312,0.08005900588262324,0.1259546522987022,0.9995097916185581,0.04211831288851192,0.05694016200366646,0.9918544688205754,True,True,True,1.002484269535485
ridge_alpha1,Ridge alpha=1,APMD local-ID dot+dual,1461,312,0.08377410301051103,0.11027074914341277,0.9996242725233982,0.04427682796225472,0.06156217113691255,0.9904784013962802,True,True,True,1.0530847652661164
elastic_net_cv,ElasticNetCV,APMD local-ID dot+dual,1461,312,0.07975170069005966,0.10439089971023628,0.999663273274565,0.044754358600783826,0.060975723709440335,0.9906589447535638,True,True,True,1.0545905733957959
pls8,PLS 8 comp.,APMD local-ID dot+dual,1461,312,0.47324170244578584,0.6211857042533457,0.9880767346104121,0.04895072076435895,0.05894609443949999,0.9912704454206613,True,True,True,1.9254978201787507
