model,n_states,F_MAE_N,F_RMSE_N,F_R2,d_MAE_mm,d_RMSE_mm,d_R2,F_MAE_vs_plain_pct,d_MAE_vs_plain_pct,balanced_relative_error
magnetic_path_memory_random_forest,561,0.5902141912251189,1.0586244443289414,0.9219968404414499,0.14551158689890015,0.2541547861727473,0.6840263507242789,68.68106852785603,-35.52401608292288,1.6684294755506686
magnetic_path_memory_ridge,561,0.7203960098597969,1.0064503127966957,0.9294961169219479,0.10714065688640553,0.16851667527446784,0.8610879101329587,61.77314337567438,0.2132241393493046,1.3801363248497633
magnetic_plain_random_forest,561,1.0872108208611588,1.5740923469246857,0.8275398444805024,0.15058986500889238,0.2591314369432433,0.671530925087573,42.30860304520092,-40.253733206620495,1.979451301614196
magnetic_path_label_ridge,561,1.1952061536797047,1.7401195720760614,0.7892407996500894,0.12830179889804874,0.19643422320430307,0.8112492924427944,36.57797426984952,-19.4954671850845,1.8291749291523498
mechanical_cross_label_ridge,561,1.8220806632374038,2.254343671732476,0.6462726770524686,0.20785732498201862,0.2684136564549041,0.6475776057989273,3.313711738786407,-93.59049031187041,2.9027677857308403
magnetic_plain_ridge,561,1.8845285055464733,2.37319919272775,0.6079903641299058,0.10736959478079973,0.16895396933194537,0.8603660320482105,0.0,0.0,2.0
