model,model_family,train_n_states,heldout_n_states,F_MAE_N,F_RMSE_N,F_R2,d_MAE_mm,d_RMSE_mm,d_R2,F_MAE_vs_plain_mlp_pct,d_MAE_vs_plain_mlp_pct,F_MAE_vs_lim_style_mlp_pct,d_MAE_vs_lim_style_mlp_pct,passes_current_F_goal,passes_ideal_F_goal,passes_d_goal
apmd_local_identifiability_mlp,APMD local identifiability,1461,312,0.11946501336921192,0.1667663647623164,0.9991406516853218,0.05159030099214658,0.0684074424909807,0.9882432110652456,90.28769010997274,43.60207680184543,69.54763023422753,32.59880318619495,True,True,False
lim_style_branch_mlp,Lim-style branch compensation,1461,312,0.39230120443200095,0.7247639792116539,0.98376899142412,0.07654211413287532,0.12744062608473503,0.959196463439984,68.10655471239023,16.325041892129715,0.0,0.0,True,True,False
apmd_path_memory_mlp,APMD path memory,1461,312,0.5991476794010304,0.9201078735027599,0.9738404782586279,0.11156130700770876,0.12469169282818321,0.9609377679587965,51.29027513478527,-21.957536659153938,-52.72644402622092,-45.75153596364081,True,False,False
plain_magnetic_mlp,plain magnetic,1461,312,1.230037084091399,3.1440212930384313,0.694561862361122,0.09147553325835,0.162526113808572,0.9336366477782718,0.0,0.0,-213.54404987675895,-19.51006879631078,False,False,False
