model,model_family,train_n_states,heldout_n_states,F_MAE_N,F_RMSE_N,F_R2,d_MAE_mm,d_RMSE_mm,d_R2,F_MAE_vs_plain_pct,d_MAE_vs_plain_pct,F_MAE_vs_lim_style_pct,d_MAE_vs_lim_style_pct,balanced_relative_error,passes_current_F_goal,passes_ideal_F_goal,passes_d_goal
apmd_local_identifiability_random_forest,APMD local identifiability,1461,312,0.0448701930823705,0.0751911739295934,0.9998253027629507,0.04388541373761633,0.06574328473535827,0.9891411255602637,97.08994301008065,23.328659589371128,95.63250145035765,11.721354829657656,0.7958139740054823,True,True,True
apmd_local_identifiability_ridge,APMD local identifiability,1461,312,0.08239303610120213,0.10980970071268198,0.9996274078321805,0.04675848874154187,0.06716004118794722,0.9886680690080689,94.65639850965593,18.309166940440505,91.98016676656523,5.9419591895540425,0.8703443454990357,True,True,True
apmd_path_memory_random_forest,APMD path memory,1461,312,0.6252519539394745,1.0143161534893044,0.9682093806134869,0.04474629372088085,0.0594948184606547,0.991107163638431,59.44927592172113,21.824633157167426,39.14028858804656,9.989633236892589,1.1872609092111144,True,False,True
apmd_path_memory_ridge,APMD path memory,1461,312,1.0134387885494436,1.345383670234975,0.9440700269776169,0.053062204264856166,0.07807665612911201,0.9846847382496168,34.27341342035722,7.296069932185032,1.3556186171161737,-6.738414960831431,1.5843051664745773,False,False,False
lim_style_branch_ridge,Lim-style branch compensation,1461,312,1.0273659526697476,1.4041818778385784,0.9390745096412575,0.04971237795158172,0.07395155111132816,0.9862603209261324,33.37016699965108,13.148485386602882,0.0,0.0,1.5348134761374603,False,False,True
plain_magnetic_ridge,plain magnetic,1461,312,1.541900836918453,2.0034266704670642,0.8759778637530578,0.05723835464800683,0.08101672205883112,0.983509593981404,0.0,0.0,-50.08292156379309,-15.139039825765671,2.0,False,False,False
